employee_id,weekly_task_count,avg_task_complexity,collaboration_load,after_hours_work,resource_allocation,tenure_in_role,job_role,daily_stress_pulse,mental_fatigue_score,job_satisfaction_rating,burnout_risk
E1001,10,3,14,8,44,6.5,مطور,عادي,3.7,5,0
E1002,8,4,12,12,50,1.6,مطور,مسيطر,2.0,3,0
E1003,14,3,25,11,40,9.1,محلل بيانات,مسيطر,1.0,3,1
E1004,9,2,24,1,37,1.5,محلل بيانات,مضغوط,6.3,5,0
E1005,4,4,28,6,31,5.0,مدير مشروع,مسيطر,4.7,2,0
E1006,8,4,22,11,37,1.7,مهندس برمجيات,مسيطر,3.3,2,0
E1007,3,5,19,13,46,9.1,مهندس أول,مضغوط,7.1,3,1
E1008,6,3,23,4,30,0.6,مطور,مضغوط,9.4,5,0
E1009,3,4,27,5,31,2.5,محلل بيانات,مسيطر,1.1,5,0
E1010,9,5,22,3,39,4.8,مدير مشروع,مسيطر,2.9,4,0
E1011,11,4,29,11,30,4.4,مهندس برمجيات,عادي,5.6,2,1
E1012,5,3,14,6,34,7.1,مصمم,مسيطر,2.7,1,0
E1013,4,4,8,5,33,3.0,مصمم,مضغوط,7.5,1,1
E1014,10,4,14,9,49,8.1,مطور,مسيطر,5.3,5,0
E1015,8,5,8,12,48,7.8,مدير مشروع,عادي,4.8,2,1
E1016,11,4,7,13,45,1.6,محلل بيانات,عادي,2.3,2,0
E1017,3,2,14,12,36,0.6,مطور,مضغوط,6.7,5,1
E1018,4,2,24,4,49,5.6,مصمم,مضغوط,9.2,4,0
E1019,7,5,8,3,49,8.0,مصمم,مضغوط,6.6,2,0
E1020,12,2,23,9,43,6.0,مدير مشروع,عادي,1.9,1,1
E1021,5,2,9,11,33,3.1,مصمم,مضغوط,7.6,5,1
E1022,9,3,23,4,33,5.6,مهندس أول,مسيطر,5.8,1,0
E1023,14,2,29,4,31,8.5,مصمم,مضغوط,7.8,2,0
E1024,12,2,28,4,37,4.4,مدير مشروع,مضغوط,6.3,1,0
E1025,10,4,21,3,45,7.9,مصمم,مسيطر,5.1,4,0
E1026,9,4,6,0,46,0.9,مدير مشروع,مسيطر,4.3,3,0
E1027,4,5,26,13,36,3.9,مهندس برمجيات,مسيطر,2.8,4,0
E1028,11,5,28,6,35,5.6,مصمم,عادي,6.0,2,0
E1029,11,5,29,5,32,0.6,مهندس برمجيات,مسيطر,5.9,4,0
E1030,8,2,21,6,41,1.0,مطور,عادي,2.7,4,0
E1031,4,5,21,8,39,8.7,مهندس أول,مسيطر,5.5,2,0
E1032,11,4,25,3,41,9.5,محلل بيانات,عادي,5.7,5,0
E1033,8,2,8,5,44,3.2,مصمم,مسيطر,2.3,4,0
E1034,6,2,7,3,42,8.4,مصمم,عادي,4.9,1,0
E1035,14,3,6,9,36,6.2,مدير مشروع,عادي,4.3,4,1
E1036,5,2,25,1,41,9.8,مهندس برمجيات,مسيطر,3.9,2,0
E1037,7,5,16,1,37,6.4,مطور,مضغوط,7.1,5,0
E1038,7,4,24,9,38,8.0,مهندس برمجيات,عادي,2.2,4,0
E1039,12,3,9,6,35,4.2,مصمم,مضغوط,9.6,3,0
E1040,8,2,24,11,47,3.0,مطور,مسيطر,4.1,3,0
E1041,10,4,21,12,43,5.8,مهندس برمجيات,مضغوط,9.4,3,1
E1042,5,2,14,13,36,2.3,مطور,مسيطر,1.3,1,0
E1043,8,2,18,2,32,5.3,مهندس أول,مضغوط,7.4,4,0
E1044,4,3,16,11,49,6.0,مهندس أول,عادي,3.6,2,0
E1045,5,5,18,8,39,2.6,مصمم,مسيطر,3.7,1,0
E1046,7,3,16,9,46,3.8,محلل بيانات,مسيطر,5.7,4,0
E1047,8,5,11,3,41,5.5,مهندس برمجيات,مضغوط,9.4,3,0
E1048,13,3,24,11,34,4.6,مهندس برمجيات,مضغوط,9.6,2,1
E1049,13,2,29,4,33,8.8,مصمم,مضغوط,6.2,4,0
E1050,14,3,27,13,38,8.3,مهندس برمجيات,مضغوط,6.9,4,1
E1051,5,5,16,6,30,4.8,مهندس برمجيات,مضغوط,7.9,1,1
E1052,11,2,7,4,32,2.7,مدير مشروع,عادي,5.7,4,0
E1053,6,2,24,12,50,4.3,مهندس أول,مضغوط,6.5,2,1
E1054,6,5,25,10,47,9.0,مدير مشروع,مضغوط,8.0,5,1
E1055,14,5,20,10,42,8.0,محلل بيانات,عادي,3.6,5,1
E1056,3,3,6,9,37,1.6,مطور,مضغوط,6.9,5,1
E1057,7,2,19,9,47,8.7,محلل بيانات,مضغوط,7.3,3,0
E1058,8,2,22,14,49,2.5,محلل بيانات,مسيطر,2.0,5,0
E1059,10,2,25,2,36,2.7,مصمم,مضغوط,7.0,2,0
E1060,10,5,12,3,35,5.7,مهندس أول,مضغوط,7.9,4,0
E1061,12,3,13,2,30,1.7,مدير مشروع,عادي,4.0,1,0
E1062,3,5,13,14,49,4.0,مطور,مضغوط,7.1,1,1
E1063,14,2,7,13,44,8.3,مطور,مضغوط,8.3,3,1
E1064,6,5,8,11,47,6.2,مهندس أول,مسيطر,2.3,3,0
E1065,12,2,7,8,41,6.4,مهندس أول,عادي,2.1,3,0
E1066,6,4,23,3,35,1.4,مهندس برمجيات,مضغوط,9.9,4,0
E1067,9,2,27,9,43,5.5,مدير مشروع,مضغوط,9.3,2,1
E1068,7,4,27,12,41,1.9,مهندس أول,عادي,1.8,4,0
E1069,7,5,16,0,47,1.8,مصمم,مضغوط,9.9,1,1
E1070,5,5,7,0,37,4.7,مدير مشروع,مسيطر,2.8,1,0
E1071,6,4,6,4,43,7.5,مدير مشروع,مضغوط,8.7,2,0
E1072,14,5,23,1,38,2.6,مصمم,مضغوط,7.1,2,1
E1073,13,4,17,12,30,4.0,مهندس أول,مضغوط,8.0,2,1
E1074,12,2,15,13,47,9.1,مطور,مضغوط,8.4,4,1
E1075,8,2,12,12,50,6.4,محلل بيانات,مضغوط,7.5,5,1
E1076,8,3,7,14,37,3.2,مهندس أول,مضغوط,9.9,5,1
E1077,6,2,15,10,46,7.7,مهندس أول,عادي,4.7,5,0
E1078,12,3,9,8,46,5.6,مهندس أول,عادي,5.4,1,0
E1079,12,3,28,13,37,3.3,مصمم,مضغوط,7.5,3,1
E1080,13,3,27,7,34,8.3,مدير مشروع,عادي,2.4,2,0
E1081,14,4,29,6,37,6.2,مهندس برمجيات,مضغوط,7.0,1,1
E1082,3,2,5,2,44,3.1,مهندس برمجيات,مسيطر,2.0,2,0
E1083,6,5,5,14,43,1.2,مهندس أول,مضغوط,8.4,5,1
E1084,9,4,22,8,46,4.2,مصمم,مضغوط,6.1,4,0
E1085,14,2,23,7,50,3.4,مدير مشروع,مضغوط,9.7,3,0
E1086,14,4,18,7,39,5.0,مصمم,عادي,3.8,5,0
E1087,11,5,7,1,33,7.9,محلل بيانات,عادي,2.3,1,0
E1088,8,4,23,5,33,6.6,محلل بيانات,مضغوط,7.0,3,0
E1089,14,4,24,7,35,8.6,مدير مشروع,مضغوط,8.3,4,0
E1090,9,5,14,10,41,5.1,مهندس أول,مسيطر,3.1,2,0
E1091,9,2,21,0,30,5.7,مصمم,مسيطر,5.2,1,0
E1092,13,3,5,8,36,6.5,محلل بيانات,مضغوط,8.5,3,0
E1093,12,3,22,0,45,4.4,مطور,مضغوط,9.2,5,0
E1094,9,3,5,1,48,4.0,مطور,مضغوط,8.9,1,1
E1095,5,4,15,1,31,7.5,مطور,مسيطر,2.5,1,0
E1096,13,3,12,13,32,5.1,مطور,مضغوط,6.5,2,0
E1097,7,2,11,8,38,3.9,مهندس برمجيات,مضغوط,7.9,4,0
E1098,8,4,10,13,46,8.0,مدير مشروع,مضغوط,9.7,3,0
E1099,12,2,15,12,48,7.1,مصمم,مسيطر,2.9,5,1
E1100,11,5,15,11,38,6.3,محلل بيانات,مضغوط,9.5,3,1
E1101,4,2,24,0,41,0.6,مدير مشروع,مسيطر,1.6,2,0
E1102,7,5,11,11,33,2.5,مصمم,مسيطر,1.6,3,0
E1103,13,4,12,7,46,4.5,مهندس برمجيات,مسيطر,5.4,1,0
E1104,5,5,11,6,33,2.4,مصمم,مضغوط,6.9,4,0
E1105,7,3,25,5,37,4.7,مدير مشروع,مضغوط,8.1,3,0
E1106,14,4,16,1,43,7.8,محلل بيانات,عادي,3.1,4,0
E1107,6,5,18,4,36,1.3,مدير مشروع,عادي,1.5,1,0
E1108,11,5,11,0,48,9.0,مهندس أول,مسيطر,5.6,2,0
E1109,6,3,8,7,50,8.9,مهندس أول,مسيطر,3.5,2,0
E1110,13,4,12,0,40,3.4,مدير مشروع,مسيطر,5.8,1,0
E1111,10,2,13,7,32,4.9,مدير مشروع,مضغوط,8.7,1,0
E1112,4,3,12,7,35,4.8,مطور,عادي,5.1,5,0
E1113,7,5,8,8,38,9.6,مصمم,عادي,2.8,3,0
E1114,4,3,8,10,35,3.8,مهندس برمجيات,مضغوط,6.5,5,0
E1115,4,5,22,6,48,9.2,مهندس أول,مضغوط,9.3,2,0
E1116,4,5,11,12,47,9.2,مهندس برمجيات,مضغوط,6.1,4,1
E1117,12,4,6,3,43,7.9,مصمم,مسيطر,3.2,5,0
E1118,14,2,28,5,44,9.4,مطور,مضغوط,6.4,5,0
E1119,11,2,12,14,33,8.9,مصمم,عادي,3.6,2,0
E1120,3,4,19,9,48,1.6,مطور,مسيطر,4.0,5,0
E1121,12,5,16,0,35,6.8,مصمم,عادي,4.5,1,0
E1122,14,5,12,2,42,2.1,مطور,مضغوط,9.1,1,0
E1123,8,3,24,13,45,7.1,مهندس أول,مضغوط,9.4,5,0
E1124,9,5,21,6,47,9.9,محلل بيانات,عادي,2.4,5,0
E1125,5,2,16,3,40,3.1,محلل بيانات,مسيطر,4.3,2,0
E1126,5,4,5,11,38,5.1,محلل بيانات,مسيطر,5.9,2,0
E1127,8,3,21,8,48,4.5,مهندس برمجيات,مسيطر,3.0,1,0
E1128,7,4,21,0,46,7.8,مطور,مضغوط,6.6,3,0
E1129,7,3,16,5,30,4.7,مدير مشروع,عادي,3.4,3,0
E1130,3,4,11,14,46,1.7,مهندس أول,مسيطر,1.3,2,1
E1131,10,4,11,6,33,4.6,مصمم,مضغوط,7.6,5,0
E1132,11,3,18,7,44,3.8,مهندس أول,عادي,1.2,5,0
E1133,11,2,6,12,32,3.6,مدير مشروع,مضغوط,8.5,3,0
E1134,14,3,26,6,46,4.5,مصمم,مضغوط,9.1,3,1
E1135,7,3,8,6,46,1.0,مصمم,عادي,4.8,3,0
E1136,12,3,11,1,36,2.4,محلل بيانات,عادي,5.5,4,0
E1137,13,5,10,13,41,5.1,مطور,مضغوط,6.8,1,1
E1138,4,4,16,1,48,8.1,مطور,مضغوط,8.1,3,0
E1139,11,5,6,13,35,4.9,مهندس برمجيات,عادي,5.6,4,0
E1140,3,3,21,1,49,1.0,محلل بيانات,مضغوط,6.7,5,0
E1141,8,4,28,2,36,9.8,مدير مشروع,مضغوط,9.4,3,0
E1142,6,5,14,3,49,9.8,محلل بيانات,مسيطر,1.5,5,0
E1143,11,4,6,7,30,6.9,محلل بيانات,مضغوط,9.5,2,0
E1144,7,4,22,10,38,2.2,مصمم,عادي,1.3,4,0
E1145,6,4,12,0,49,6.9,مطور,مسيطر,1.9,1,0
E1146,12,5,22,4,33,5.3,مهندس برمجيات,مضغوط,6.0,3,0
E1147,7,2,11,13,44,2.9,مهندس برمجيات,مسيطر,3.6,1,1
E1148,11,5,23,14,50,9.5,مصمم,مضغوط,8.1,4,1
E1149,14,3,23,5,45,8.4,محلل بيانات,مضغوط,8.5,1,1
E1150,3,3,28,8,32,2.8,محلل بيانات,مضغوط,8.6,3,0
E1151,12,3,28,8,35,7.9,مدير مشروع,مضغوط,9.4,2,0
E1152,14,4,10,0,33,3.4,محلل بيانات,مضغوط,9.0,5,0
E1153,5,2,5,8,39,3.6,محلل بيانات,مضغوط,9.9,4,1
E1154,4,3,9,4,49,7.6,مهندس أول,عادي,4.2,2,0
E1155,3,5,8,14,49,9.6,مهندس أول,مضغوط,8.8,4,1
E1156,8,5,13,3,33,2.4,مهندس برمجيات,مضغوط,8.1,3,0
E1157,7,5,26,10,31,1.2,مهندس برمجيات,مضغوط,9.3,5,1
E1158,10,2,23,6,49,4.5,مهندس أول,مسيطر,4.5,5,0
E1159,8,4,26,7,46,2.9,محلل بيانات,مضغوط,6.8,4,1
E1160,3,5,13,7,45,5.5,مطور,مضغوط,7.7,1,1
E1161,4,3,23,4,41,9.1,مطور,عادي,5.8,3,0
E1162,4,4,14,4,31,8.3,مدير مشروع,مسيطر,2.5,1,0
E1163,6,4,18,8,31,8.4,مهندس برمجيات,عادي,1.3,1,0
E1164,4,2,13,14,31,9.5,مهندس أول,مسيطر,2.5,5,1
E1165,12,5,26,14,45,7.1,مصمم,عادي,5.5,2,0
E1166,8,5,12,8,49,3.1,مطور,مضغوط,7.6,5,0
E1167,9,2,21,9,50,7.6,مهندس أول,مضغوط,7.2,3,1
E1168,9,5,8,6,31,0.6,مصمم,مسيطر,1.5,3,0
E1169,14,2,5,6,34,9.8,مصمم,عادي,2.8,5,0
E1170,14,5,10,3,36,5.1,مطور,مضغوط,10.0,1,0
E1171,8,5,20,12,32,4.9,مهندس أول,مضغوط,7.6,1,1
E1172,8,3,22,9,39,0.9,محلل بيانات,مضغوط,8.4,2,1
E1173,7,3,20,13,36,5.3,محلل بيانات,عادي,4.9,4,0
E1174,5,5,8,13,45,0.9,محلل بيانات,مضغوط,8.2,3,1
E1175,10,2,11,12,47,1.2,محلل بيانات,مضغوط,6.6,4,1
E1176,8,4,15,10,36,2.8,مهندس أول,مضغوط,8.2,2,1
E1177,3,4,15,5,44,3.2,محلل بيانات,مضغوط,6.3,3,0
E1178,6,3,16,0,37,8.2,مهندس برمجيات,مضغوط,6.0,3,0
E1179,6,5,13,3,32,6.0,مصمم,مسيطر,4.0,4,0
E1180,8,2,27,7,45,7.6,مهندس برمجيات,مسيطر,1.9,4,0
E1181,11,5,11,9,43,4.9,مدير مشروع,مسيطر,4.9,2,0
E1182,9,2,19,13,44,3.9,مهندس أول,عادي,2.3,3,0
E1183,12,3,19,10,32,3.3,مهندس برمجيات,مسيطر,5.9,2,0
E1184,5,5,11,5,46,6.8,مهندس أول,مسيطر,5.2,4,0
E1185,11,3,28,6,46,1.7,مدير مشروع,مسيطر,4.1,3,0
E1186,14,4,9,13,48,0.9,مهندس برمجيات,عادي,4.6,2,0
E1187,3,2,28,3,31,2.7,مصمم,مضغوط,7.6,4,1
E1188,7,5,12,6,38,1.8,محلل بيانات,عادي,3.6,1,0
E1189,6,3,22,2,39,2.1,مهندس برمجيات,عادي,4.5,4,0
E1190,10,3,21,7,41,6.7,مهندس أول,عادي,5.4,4,0
E1191,11,2,9,11,44,5.4,مصمم,مضغوط,6.1,3,0
E1192,14,5,22,7,40,10.0,مدير مشروع,عادي,3.0,4,0
E1193,4,3,8,10,30,3.1,محلل بيانات,مضغوط,7.7,1,1
E1194,3,5,28,3,45,6.5,مهندس أول,مسيطر,1.1,4,0
E1195,13,4,15,3,48,1.2,مهندس برمجيات,مضغوط,8.9,3,0
E1196,9,4,23,8,38,9.4,مصمم,مضغوط,6.3,3,0
E1197,3,5,29,0,44,5.1,مهندس برمجيات,عادي,3.7,1,0
E1198,7,5,14,5,42,1.0,مهندس برمجيات,عادي,5.2,3,0
E1199,11,4,29,4,43,1.7,مهندس أول,مضغوط,8.7,2,0
E1200,10,4,12,8,31,6.3,مهندس أول,مسيطر,4.3,2,0
E1201,5,2,18,0,50,5.8,محلل بيانات,مضغوط,7.3,2,0
E1202,3,3,18,4,32,2.3,محلل بيانات,مضغوط,6.8,4,0
E1203,14,5,28,8,34,2.5,محلل بيانات,عادي,2.1,4,0
E1204,10,4,24,13,35,10.0,مهندس برمجيات,مضغوط,7.7,3,1
E1205,3,5,9,8,46,9.9,محلل بيانات,مسيطر,4.6,2,0
E1206,5,5,28,3,32,9.6,مطور,مسيطر,1.5,3,0
E1207,13,5,24,4,38,6.2,محلل بيانات,مسيطر,1.9,2,0
E1208,11,3,9,4,44,9.8,مطور,عادي,1.3,3,0
E1209,11,3,22,14,47,10.0,مدير مشروع,مسيطر,1.6,3,1
E1210,5,4,10,6,44,1.8,مدير مشروع,مضغوط,7.3,5,0
E1211,3,5,25,13,38,3.1,محلل بيانات,مضغوط,8.1,1,1
E1212,13,5,28,3,32,9.1,مهندس برمجيات,عادي,6.0,4,0
E1213,10,3,12,8,41,6.1,مهندس برمجيات,مضغوط,7.5,3,0
E1214,5,3,17,3,43,2.5,مهندس أول,مضغوط,8.6,3,1
E1215,9,3,5,3,37,4.4,مهندس برمجيات,مسيطر,4.9,1,0
E1216,4,3,9,9,45,7.9,مهندس برمجيات,مسيطر,5.1,1,1
E1217,4,5,18,13,30,6.9,مطور,عادي,1.1,2,0
E1218,11,2,20,2,44,8.2,مهندس برمجيات,مضغوط,7.2,2,0
E1219,9,2,5,8,36,4.3,محلل بيانات,مضغوط,8.2,4,0
E1220,4,4,11,10,47,8.8,مهندس برمجيات,مضغوط,8.7,5,0
E1221,8,4,12,11,38,9.3,مهندس برمجيات,مسيطر,3.7,2,0
E1222,7,2,6,13,35,2.4,مطور,عادي,5.4,3,0
E1223,8,3,26,1,46,7.9,مصمم,عادي,2.6,4,0
E1224,10,5,25,14,50,8.4,مصمم,عادي,1.8,2,0
E1225,12,3,29,3,32,4.9,مدير مشروع,مسيطر,4.3,3,0
E1226,5,2,5,11,50,5.0,مصمم,عادي,2.4,3,0
E1227,4,4,5,3,47,0.8,مهندس برمجيات,مسيطر,2.3,2,0
E1228,5,3,28,10,48,9.4,مهندس أول,عادي,5.7,1,1
E1229,14,2,17,7,36,7.5,مطور,مسيطر,1.1,5,0
E1230,13,4,18,0,49,2.7,مطور,عادي,5.3,4,0
E1231,10,5,13,3,44,3.2,مطور,عادي,3.3,3,0
E1232,4,3,25,1,44,1.5,مطور,مضغوط,7.2,4,0
E1233,9,2,20,4,48,3.4,مدير مشروع,مضغوط,10.0,4,0
E1234,8,5,27,7,48,6.4,مطور,مضغوط,7.2,1,0
E1235,11,4,11,12,32,8.7,مهندس أول,عادي,2.3,3,0
E1236,5,2,21,5,42,1.9,مطور,عادي,3.5,2,0
E1237,13,2,28,1,32,8.7,مطور,عادي,2.2,2,0
E1238,7,4,7,7,40,7.4,مصمم,مضغوط,6.6,2,0
E1239,10,5,17,7,46,2.0,مطور,مضغوط,7.4,4,0
E1240,5,5,16,10,37,9.0,مدير مشروع,مضغوط,9.9,4,0
E1241,14,3,20,14,31,6.0,مطور,مضغوط,7.6,5,1
E1242,5,4,12,0,47,0.6,مهندس برمجيات,مضغوط,8.3,3,0
E1243,7,2,23,13,35,4.4,مهندس برمجيات,مضغوط,7.2,2,1
E1244,11,2,14,14,34,3.2,مهندس برمجيات,مسيطر,5.1,1,1
E1245,4,2,17,10,41,3.8,مدير مشروع,مضغوط,6.8,3,1
E1246,3,3,14,3,37,5.0,محلل بيانات,مضغوط,9.6,2,0
E1247,9,5,28,4,45,8.6,مصمم,مسيطر,1.2,1,0
E1248,8,4,25,0,40,8.7,مدير مشروع,عادي,1.5,3,0
E1249,10,5,11,3,43,7.2,محلل بيانات,مضغوط,8.1,5,1
E1250,11,3,24,2,38,0.9,محلل بيانات,مسيطر,1.7,4,0
E1251,5,3,18,3,31,4.8,مطور,مسيطر,4.6,5,0
E1252,6,5,9,4,49,4.7,مدير مشروع,مضغوط,9.9,3,0
E1253,13,4,22,9,39,3.7,مدير مشروع,عادي,1.8,2,0
E1254,12,4,8,5,34,9.4,مهندس برمجيات,عادي,4.7,1,0
E1255,3,2,11,14,35,9.9,محلل بيانات,مضغوط,9.7,5,1
E1256,5,3,21,5,40,7.9,محلل بيانات,عادي,1.6,1,0
E1257,9,2,7,11,35,4.4,مطور,عادي,2.8,5,0
E1258,5,3,27,10,48,7.6,محلل بيانات,عادي,4.5,3,0
E1259,9,5,6,7,34,9.0,مهندس أول,مسيطر,4.7,2,0
E1260,8,2,20,2,46,1.8,مهندس برمجيات,مسيطر,3.1,2,0
E1261,8,4,23,9,36,3.5,محلل بيانات,مضغوط,6.5,1,1
E1262,4,2,15,1,30,2.1,محلل بيانات,عادي,1.4,4,0
E1263,13,3,19,10,47,5.7,محلل بيانات,مسيطر,1.8,1,1
E1264,3,5,10,8,48,7.4,مهندس برمجيات,مضغوط,8.7,3,0
E1265,9,2,28,8,49,6.9,مهندس أول,مضغوط,8.4,5,1
E1266,11,4,21,10,41,7.0,مصمم,مضغوط,7.1,3,1
E1267,3,4,13,1,33,7.0,مصمم,مضغوط,9.4,2,1
E1268,8,4,13,12,34,8.4,مهندس أول,مضغوط,8.2,3,1
E1269,14,4,22,6,46,5.2,مصمم,مسيطر,3.9,5,0
E1270,3,2,10,10,48,8.8,محلل بيانات,عادي,4.8,4,0
E1271,13,5,19,2,33,7.3,مهندس أول,مضغوط,7.9,2,0
E1272,4,3,6,7,41,0.9,مدير مشروع,عادي,3.0,5,0
E1273,4,2,28,1,42,7.2,مهندس برمجيات,مسيطر,4.5,4,0
E1274,7,2,21,12,46,1.7,محلل بيانات,مسيطر,2.4,1,0
E1275,13,4,22,8,41,2.4,مهندس أول,عادي,4.1,3,0
E1276,4,2,15,13,41,8.2,مهندس أول,عادي,1.9,3,0
E1277,10,5,25,13,46,2.1,مصمم,مضغوط,7.5,3,1
E1278,13,2,24,14,44,3.9,محلل بيانات,مضغوط,10.0,4,1
E1279,10,4,26,9,46,5.8,مهندس أول,عادي,5.2,1,1
E1280,3,4,12,0,50,9.9,مصمم,مسيطر,5.7,2,0
E1281,7,4,26,5,47,2.1,مهندس أول,مسيطر,4.1,4,0
E1282,14,4,9,10,39,3.2,مدير مشروع,مضغوط,6.3,4,1
E1283,3,3,19,10,33,9.4,محلل بيانات,مضغوط,9.5,1,1
E1284,6,3,22,9,47,8.2,مطور,مضغوط,8.1,5,1
E1285,10,3,22,14,49,9.0,مهندس أول,مضغوط,9.4,4,0
E1286,12,5,28,11,43,1.2,مصمم,مضغوط,6.6,5,0
E1287,14,3,24,7,33,1.0,مهندس برمجيات,مضغوط,9.4,3,1
E1288,5,4,18,1,43,4.8,مهندس برمجيات,عادي,2.7,3,0
E1289,9,2,27,3,41,9.3,مصمم,مضغوط,7.2,1,1
E1290,8,5,12,4,44,9.9,محلل بيانات,مسيطر,5.3,1,0
E1291,8,5,8,4,40,1.5,مهندس أول,عادي,2.8,1,0
E1292,10,5,24,4,47,0.9,مصمم,عادي,2.1,2,0
E1293,7,5,22,13,40,4.7,محلل بيانات,مسيطر,5.3,1,0
E1294,8,2,15,13,49,5.1,محلل بيانات,عادي,2.8,4,0
E1295,11,3,12,5,36,8.5,مهندس أول,مضغوط,7.6,1,1
E1296,7,3,10,8,36,2.4,محلل بيانات,مسيطر,5.0,1,0
E1297,5,5,29,4,31,1.2,محلل بيانات,مضغوط,10.0,1,1
E1298,14,2,26,7,49,2.2,مهندس برمجيات,مضغوط,7.5,5,0
E1299,12,3,14,3,44,7.5,مهندس برمجيات,مسيطر,5.1,1,0
E1300,3,4,14,3,38,5.3,مصمم,مسيطر,3.0,3,0
E1301,6,4,29,5,31,5.0,مهندس أول,مسيطر,5.3,5,0
E1302,5,2,5,12,44,9.4,مصمم,مسيطر,5.8,1,0
E1303,5,5,15,10,34,4.5,مصمم,مضغوط,7.7,3,1
E1304,10,2,25,12,44,5.1,مهندس برمجيات,مسيطر,1.1,5,0
E1305,10,5,25,12,38,9.6,مهندس أول,مضغوط,7.4,5,1
E1306,11,3,28,2,45,3.4,مدير مشروع,مسيطر,1.3,4,0
E1307,14,4,5,6,46,1.3,مدير مشروع,مسيطر,4.7,5,0
E1308,10,5,7,13,50,3.0,مطور,مضغوط,7.6,1,1
E1309,11,4,6,6,48,2.0,مصمم,مضغوط,6.5,4,0
E1310,8,5,5,13,43,8.8,مهندس برمجيات,عادي,4.5,5,0
E1311,13,4,6,2,30,5.7,مهندس برمجيات,مسيطر,3.0,4,0
E1312,11,4,17,5,47,10.0,مهندس أول,مضغوط,8.3,2,0
E1313,6,5,6,9,34,8.2,مطور,مسيطر,3.0,3,0
E1314,5,3,23,5,48,9.8,مهندس برمجيات,عادي,4.2,5,0
E1315,9,3,23,9,35,8.0,مصمم,عادي,5.1,2,0
E1316,4,2,20,9,44,8.7,محلل بيانات,مضغوط,8.5,1,1
E1317,14,3,20,8,42,2.2,مدير مشروع,مسيطر,2.8,3,0
E1318,12,2,5,14,43,7.3,مهندس أول,مضغوط,9.5,1,1
E1319,10,3,21,5,39,0.8,مهندس أول,مسيطر,1.8,5,0
E1320,3,5,10,10,41,4.3,محلل بيانات,مضغوط,8.9,4,1
E1321,14,2,23,4,30,8.9,مدير مشروع,مسيطر,4.7,4,0
E1322,7,2,23,1,44,9.1,محلل بيانات,مسيطر,5.2,4,0
E1323,5,5,7,4,30,8.6,مهندس أول,مضغوط,7.3,5,0
E1324,6,2,19,9,43,2.2,مهندس أول,مضغوط,8.4,1,1
E1325,13,3,13,10,31,4.1,مدير مشروع,عادي,3.0,1,1
E1326,7,4,18,7,39,2.1,مدير مشروع,مسيطر,3.2,5,0
E1327,4,5,13,11,48,6.9,مهندس برمجيات,مسيطر,1.8,5,0
E1328,7,3,16,0,49,5.5,مهندس برمجيات,عادي,4.1,2,0
E1329,14,2,11,12,43,6.8,محلل بيانات,عادي,2.3,5,0
E1330,6,5,7,6,49,8.3,مصمم,عادي,5.7,5,0
E1331,6,5,15,14,38,1.4,مهندس أول,مضغوط,8.4,1,1
E1332,4,4,17,4,36,4.7,محلل بيانات,مضغوط,7.6,5,0
E1333,11,4,5,2,50,5.3,مطور,مضغوط,7.3,5,0
E1334,4,3,18,5,41,0.5,مطور,مضغوط,7.3,4,0
E1335,5,3,16,11,30,5.2,مدير مشروع,مضغوط,6.2,2,0
E1336,11,5,14,8,31,7.3,مطور,مسيطر,5.5,1,0
E1337,8,4,29,5,49,6.8,مهندس برمجيات,مضغوط,8.7,5,1
E1338,5,2,16,14,33,2.0,مطور,مضغوط,8.2,5,1
E1339,11,3,11,13,38,6.5,مصمم,عادي,1.8,1,0
E1340,10,5,5,8,31,7.5,مدير مشروع,مضغوط,8.4,2,0
E1341,13,4,15,7,49,4.9,مدير مشروع,عادي,5.2,5,0
E1342,12,3,8,12,32,2.5,مهندس برمجيات,عادي,1.9,1,0
E1343,12,3,24,12,34,5.9,محلل بيانات,مسيطر,4.7,1,1
E1344,4,2,13,13,45,4.8,مهندس أول,مسيطر,1.5,1,0
E1345,14,5,15,3,30,7.2,محلل بيانات,مضغوط,9.4,1,1
E1346,3,2,9,6,44,7.6,مهندس برمجيات,عادي,4.8,5,0
E1347,14,5,21,7,33,6.7,محلل بيانات,مضغوط,7.0,2,0
E1348,11,5,14,14,34,4.5,محلل بيانات,مضغوط,6.9,5,1
E1349,9,5,26,3,43,8.7,مهندس برمجيات,مضغوط,7.0,2,0
E1350,9,2,18,14,49,1.5,مطور,مضغوط,8.6,3,0
E1351,8,4,17,4,37,4.1,مطور,عادي,1.6,3,0
E1352,8,5,18,14,39,0.9,مدير مشروع,مضغوط,6.2,4,0
E1353,12,2,28,7,33,1.6,مدير مشروع,مسيطر,4.2,5,0
E1354,13,5,9,13,34,9.6,مصمم,مضغوط,6.2,1,1
E1355,13,5,18,2,50,7.0,مصمم,عادي,4.0,1,0
E1356,7,3,5,11,36,3.9,مطور,مضغوط,9.5,2,0
E1357,7,2,13,10,43,7.6,محلل بيانات,مضغوط,6.1,1,0
E1358,14,4,7,12,31,2.9,مطور,مسيطر,1.5,3,1
E1359,8,3,12,12,44,2.4,محلل بيانات,مسيطر,3.8,4,0
E1360,7,4,23,10,33,5.4,مطور,مضغوط,8.1,1,1
E1361,9,3,21,10,36,1.3,مصمم,مسيطر,3.9,2,0
E1362,10,3,8,6,34,7.6,محلل بيانات,مسيطر,3.6,3,0
E1363,13,3,12,1,44,9.1,مهندس أول,مضغوط,6.9,1,0
E1364,10,5,16,3,46,8.6,مهندس أول,مضغوط,6.9,5,1
E1365,5,2,24,0,45,5.3,محلل بيانات,مضغوط,8.2,2,0
E1366,7,4,17,4,42,2.6,مصمم,مضغوط,7.7,3,0
E1367,12,3,25,13,43,1.0,مصمم,مضغوط,7.0,3,0
E1368,13,2,10,8,32,3.9,مهندس برمجيات,عادي,5.0,3,0
E1369,7,2,27,7,37,6.9,محلل بيانات,عادي,6.0,4,0
E1370,4,5,19,2,48,7.7,مطور,مضغوط,8.2,1,0
E1371,12,3,17,2,30,2.0,مصمم,مسيطر,3.7,3,0
E1372,13,2,17,10,41,2.6,محلل بيانات,مضغوط,7.6,1,1
E1373,11,5,15,14,36,8.6,مهندس أول,مسيطر,3.0,1,0
E1374,13,4,8,5,31,1.5,مهندس برمجيات,عادي,1.5,5,0
E1375,6,3,9,11,35,5.2,مدير مشروع,عادي,1.3,4,0
E1376,6,3,12,6,49,7.5,محلل بيانات,عادي,4.3,2,0
E1377,10,5,19,7,48,1.3,مهندس برمجيات,مسيطر,4.6,3,0
E1378,11,5,20,12,49,7.7,مدير مشروع,عادي,3.9,2,0
E1379,11,3,12,12,40,5.1,مهندس أول,عادي,4.0,2,0
E1380,13,5,8,9,40,9.3,مطور,عادي,3.4,3,0
E1381,9,3,24,12,35,2.5,مهندس برمجيات,مسيطر,1.1,2,0
E1382,10,3,14,5,44,7.1,مدير مشروع,مسيطر,2.5,4,0
E1383,3,2,8,11,31,2.0,مصمم,مسيطر,5.7,3,0
E1384,11,3,16,11,40,3.0,محلل بيانات,مضغوط,6.1,3,0
E1385,12,5,23,9,33,6.7,محلل بيانات,مضغوط,6.9,3,1
E1386,10,5,6,9,37,5.7,مهندس برمجيات,عادي,2.6,3,0
E1387,5,5,19,8,48,5.8,محلل بيانات,عادي,5.9,3,0
E1388,5,5,26,11,33,9.5,مطور,مضغوط,8.3,3,1
E1389,10,3,16,9,42,3.1,مدير مشروع,مضغوط,9.6,1,1
E1390,11,3,11,5,32,3.6,مصمم,مضغوط,7.3,5,0
E1391,7,2,24,11,35,3.1,مصمم,مضغوط,6.8,2,1
E1392,7,3,26,8,37,5.3,محلل بيانات,مضغوط,7.7,3,0
E1393,8,2,15,4,30,5.9,مصمم,مسيطر,5.1,3,0
E1394,11,3,11,14,41,6.2,محلل بيانات,مضغوط,7.8,3,0
E1395,14,5,20,12,46,3.4,مطور,مسيطر,3.5,1,1
E1396,14,2,15,11,39,0.6,مصمم,مضغوط,8.4,1,1
E1397,9,3,10,5,45,7.5,مطور,مضغوط,9.3,2,0
E1398,12,3,17,11,49,9.9,مطور,عادي,5.1,1,1
E1399,11,3,10,9,44,8.4,مهندس برمجيات,عادي,1.5,5,1
E1400,14,3,25,6,30,5.3,مهندس أول,مسيطر,3.3,5,0
E1401,6,5,5,13,36,7.8,مدير مشروع,مسيطر,4.9,5,0
E1402,10,4,24,11,34,4.0,مهندس برمجيات,مسيطر,5.1,2,0
E1403,6,3,28,0,37,6.4,مهندس أول,عادي,5.2,5,0
E1404,13,3,6,4,44,9.9,مهندس برمجيات,مسيطر,1.6,5,0
E1405,10,5,17,2,50,2.0,محلل بيانات,مسيطر,4.2,2,0
E1406,14,3,9,6,46,1.7,مهندس أول,مسيطر,5.7,4,0
E1407,8,3,5,5,50,1.6,مصمم,عادي,4.3,3,0
E1408,7,4,25,14,36,5.6,مدير مشروع,مضغوط,8.9,5,1
E1409,3,3,23,12,42,8.1,مصمم,مضغوط,6.1,4,0
E1410,10,4,10,0,31,0.6,مهندس برمجيات,عادي,4.5,4,0
E1411,8,5,13,8,45,0.7,مطور,عادي,5.9,2,0
E1412,14,3,6,3,45,7.9,مصمم,مضغوط,6.6,2,1
E1413,4,2,28,4,32,1.2,مدير مشروع,مضغوط,9.3,5,1
E1414,13,2,11,2,47,4.3,محلل بيانات,مضغوط,9.5,1,1
E1415,11,3,22,3,41,9.8,محلل بيانات,عادي,2.4,4,0
E1416,13,3,11,1,49,9.0,مدير مشروع,مضغوط,6.7,4,0
E1417,3,4,5,9,47,6.7,مهندس برمجيات,مسيطر,1.8,1,0
E1418,13,2,14,5,44,7.7,مهندس برمجيات,عادي,5.6,3,0
E1419,5,3,8,8,38,6.3,مصمم,عادي,4.1,5,0
E1420,7,3,9,8,48,7.9,مدير مشروع,مضغوط,7.7,2,0
E1421,11,5,10,4,30,6.1,محلل بيانات,عادي,2.3,4,0
E1422,5,5,28,10,38,7.3,مصمم,مضغوط,6.2,3,0
E1423,5,5,17,3,34,8.0,مدير مشروع,مضغوط,7.4,1,0
E1424,7,3,10,9,39,3.4,مدير مشروع,عادي,2.4,4,1
E1425,13,2,19,5,50,5.5,مصمم,مضغوط,6.6,5,0
E1426,10,4,24,9,40,8.4,مصمم,مضغوط,7.5,1,1
E1427,4,5,5,9,49,4.4,محلل بيانات,مضغوط,8.9,2,0
E1428,14,4,26,11,48,3.8,محلل بيانات,عادي,4.0,3,1
E1429,4,3,21,9,44,5.5,محلل بيانات,مسيطر,5.3,4,0
E1430,3,3,22,12,49,3.6,مهندس برمجيات,مسيطر,2.3,4,1
E1431,4,4,5,13,34,8.1,مهندس برمجيات,مضغوط,6.3,4,0
E1432,12,4,20,9,40,4.1,مطور,مضغوط,9.9,5,1
E1433,12,5,17,7,34,1.0,مهندس برمجيات,مضغوط,7.6,4,0
E1434,11,4,9,5,48,5.4,مصمم,مضغوط,7.0,1,1
E1435,9,3,16,0,40,7.9,مدير مشروع,مسيطر,3.5,1,0
E1436,8,4,27,9,44,1.9,مهندس أول,مضغوط,7.4,5,0
E1437,4,5,14,0,40,2.8,محلل بيانات,عادي,1.4,5,0
E1438,3,5,12,10,43,1.0,محلل بيانات,مسيطر,5.9,4,0
E1439,6,5,16,4,46,5.8,مطور,مسيطر,4.1,1,0
E1440,3,2,18,2,43,6.0,مهندس برمجيات,عادي,1.4,4,0
E1441,6,4,16,11,37,9.7,مدير مشروع,مضغوط,6.1,4,0
E1442,5,3,14,13,32,6.8,مطور,عادي,5.6,4,0
E1443,3,4,26,1,45,9.9,مهندس برمجيات,مضغوط,6.3,1,0
E1444,9,4,14,10,46,4.1,مطور,مضغوط,8.5,3,1
E1445,11,2,6,3,47,1.3,محلل بيانات,عادي,1.8,4,0
E1446,14,4,9,13,30,3.2,مهندس برمجيات,عادي,5.7,3,1
E1447,4,3,23,11,46,6.4,مطور,عادي,3.0,2,1
E1448,14,2,9,0,35,7.1,مهندس أول,مسيطر,4.9,5,0
E1449,12,2,27,14,35,4.0,مدير مشروع,مسيطر,3.0,1,1
E1450,11,5,18,7,46,0.6,مدير مشروع,مضغوط,8.6,4,0
E1451,13,2,17,8,36,0.9,مهندس أول,مضغوط,6.5,3,0
E1452,6,5,23,3,30,2.9,مطور,عادي,2.9,2,0
E1453,9,5,23,7,44,2.6,مهندس برمجيات,عادي,5.0,5,0
E1454,5,4,28,6,50,6.1,مهندس أول,عادي,5.0,4,0
E1455,7,3,8,10,35,2.7,مهندس أول,عادي,4.7,4,0
E1456,8,2,23,5,35,3.8,مصمم,مضغوط,9.7,3,0
E1457,8,5,10,14,41,3.0,مهندس برمجيات,مسيطر,5.5,1,0
E1458,7,3,13,1,31,7.1,محلل بيانات,عادي,4.4,2,0
E1459,5,4,6,2,39,7.6,مهندس برمجيات,مضغوط,9.5,5,1
E1460,10,3,15,6,31,9.2,مدير مشروع,مسيطر,4.9,3,0
E1461,8,4,6,7,48,9.9,مدير مشروع,مضغوط,7.9,3,0
E1462,11,2,8,2,35,4.6,مطور,مضغوط,9.7,5,0
E1463,7,4,17,12,41,8.5,مهندس برمجيات,عادي,2.1,1,1
E1464,9,2,27,5,44,0.7,مصمم,مضغوط,9.6,4,1
E1465,14,5,9,7,48,2.4,مهندس أول,مضغوط,7.0,2,0
E1466,12,4,25,1,34,3.7,مطور,مسيطر,1.6,4,0
E1467,3,4,15,3,46,0.8,مهندس أول,مسيطر,4.8,3,0
E1468,13,5,16,8,40,5.0,مهندس برمجيات,مضغوط,6.1,1,0
E1469,13,5,21,10,37,5.9,مطور,عادي,2.5,4,0
E1470,5,5,25,10,46,2.5,محلل بيانات,مسيطر,4.5,3,1
E1471,5,5,16,1,49,3.7,مدير مشروع,عادي,4.7,3,0
E1472,3,3,7,6,49,2.7,مصمم,مسيطر,3.2,3,0
E1473,13,3,8,13,41,9.8,محلل بيانات,مضغوط,6.6,1,1
E1474,4,5,6,11,33,9.0,مهندس برمجيات,مسيطر,1.7,3,0
E1475,10,2,29,5,42,4.0,مطور,عادي,4.3,2,0
E1476,4,3,28,4,35,8.1,محلل بيانات,مضغوط,9.2,1,1
E1477,13,5,28,3,32,1.1,مطور,عادي,1.7,1,0
E1478,9,4,21,4,38,9.8,مدير مشروع,مضغوط,8.7,1,1
E1479,9,5,23,5,33,4.8,مطور,عادي,2.3,2,0
E1480,14,2,16,8,41,8.8,مدير مشروع,مضغوط,9.0,2,0
E1481,11,4,10,4,36,1.0,مطور,عادي,1.9,5,0
E1482,11,3,21,6,36,1.3,مطور,عادي,2.5,1,0
E1483,5,3,5,13,34,4.7,مصمم,مسيطر,5.8,3,1
E1484,12,2,18,11,30,8.3,محلل بيانات,مسيطر,2.7,2,0
E1485,14,3,8,5,50,3.0,مدير مشروع,مضغوط,8.5,1,1
E1486,10,4,15,13,45,9.3,مصمم,عادي,4.1,1,1
E1487,9,3,15,5,43,7.3,مهندس أول,مضغوط,7.6,3,1
E1488,12,2,24,12,49,6.5,مهندس أول,مضغوط,7.1,1,1
E1489,13,3,9,2,46,9.1,مهندس أول,عادي,4.8,2,0
E1490,10,2,26,9,50,2.4,مهندس برمجيات,عادي,4.9,1,1
E1491,7,4,13,1,42,3.1,مهندس برمجيات,عادي,1.1,3,0
E1492,10,4,28,12,48,5.5,مصمم,مضغوط,6.5,1,1
E1493,10,2,14,0,42,1.4,مدير مشروع,مضغوط,8.8,1,0
E1494,13,3,5,10,45,5.1,مصمم,مسيطر,5.9,5,0
E1495,4,5,26,3,46,4.4,مطور,مضغوط,7.0,1,1
E1496,13,4,9,6,38,9.2,مهندس أول,عادي,4.1,4,0
E1497,9,3,21,7,49,0.8,مدير مشروع,مسيطر,5.8,1,0
E1498,12,5,15,9,47,5.7,مدير مشروع,مضغوط,6.1,4,0
E1499,4,2,10,2,37,8.6,مهندس برمجيات,مضغوط,7.8,3,0
E1500,14,4,15,6,48,8.2,مدير مشروع,عادي,2.6,2,0
E1501,9,4,20,1,48,6.1,محلل بيانات,عادي,3.9,3,0
E1502,3,3,11,4,41,3.1,مدير مشروع,عادي,3.0,3,0
E1503,6,5,16,2,31,1.7,محلل بيانات,عادي,4.8,3,0
E1504,4,4,13,11,31,8.8,مطور,مضغوط,9.7,5,1
E1505,14,3,20,10,49,7.8,مصمم,مسيطر,3.7,4,1
E1506,9,5,16,13,35,0.6,مهندس أول,عادي,5.7,3,0
E1507,7,2,17,6,34,8.2,مهندس برمجيات,مضغوط,8.4,4,0
E1508,7,3,17,7,42,2.8,مدير مشروع,مضغوط,9.8,4,0
E1509,5,3,18,4,41,1.0,محلل بيانات,مضغوط,8.9,4,0
E1510,11,3,26,13,40,1.1,محلل بيانات,مسيطر,2.2,3,0
E1511,3,5,25,6,34,6.0,مهندس برمجيات,مضغوط,7.7,3,0
E1512,8,4,8,8,38,3.0,مدير مشروع,مسيطر,3.1,2,0
E1513,11,3,27,9,36,2.1,مهندس أول,مضغوط,9.7,3,1
E1514,10,5,21,13,38,9.8,مهندس برمجيات,مضغوط,9.1,3,1
E1515,7,5,8,0,49,1.2,مصمم,عادي,4.2,2,0
E1516,11,3,12,9,40,7.0,مصمم,مضغوط,7.0,3,1
E1517,7,3,28,9,48,7.5,مهندس برمجيات,مضغوط,10.0,4,1
E1518,4,2,27,12,50,6.0,مصمم,مسيطر,1.6,3,0
E1519,7,5,10,10,48,3.2,مدير مشروع,عادي,1.2,2,0
E1520,5,5,12,0,37,3.1,مصمم,عادي,3.0,3,0
E1521,14,5,20,12,32,5.0,مطور,عادي,3.8,3,1
E1522,11,4,10,8,50,9.5,محلل بيانات,مضغوط,9.7,5,0
E1523,11,4,18,12,35,3.6,مهندس أول,عادي,3.4,4,0
E1524,8,4,20,11,47,4.1,مدير مشروع,مضغوط,6.4,1,0
E1525,10,2,17,8,33,7.8,مطور,مضغوط,9.6,3,0
E1526,7,4,9,1,39,2.0,مهندس أول,مسيطر,3.7,5,0
E1527,7,2,10,4,39,0.7,مدير مشروع,مضغوط,8.5,3,0
E1528,3,2,5,9,49,2.8,مهندس برمجيات,عادي,2.7,5,0
E1529,4,3,10,7,41,4.4,مهندس برمجيات,مسيطر,2.6,2,0
E1530,6,3,10,6,40,7.4,مهندس أول,مسيطر,4.0,2,0
E1531,14,2,8,10,30,4.3,مهندس برمجيات,مضغوط,8.4,5,1
E1532,9,3,26,0,44,2.6,مدير مشروع,عادي,3.2,3,0
E1533,7,2,11,5,36,4.1,مهندس برمجيات,عادي,3.1,5,0
E1534,11,4,20,8,50,7.9,مصمم,مسيطر,5.9,3,0
E1535,13,5,14,3,39,6.8,مدير مشروع,مضغوط,7.7,1,1
E1536,14,5,12,13,47,7.3,محلل بيانات,عادي,3.7,3,0
E1537,9,2,8,2,37,3.9,مهندس أول,مضغوط,6.9,2,1
E1538,7,4,23,8,30,3.9,مدير مشروع,مضغوط,8.5,3,0
E1539,3,5,15,5,39,8.7,مدير مشروع,مسيطر,2.5,5,0
E1540,11,4,25,7,43,3.9,مهندس أول,مضغوط,7.4,5,0
E1541,10,2,18,0,40,2.8,مدير مشروع,عادي,3.7,2,0
E1542,7,2,22,3,33,7.2,مطور,مضغوط,6.1,3,0
E1543,11,4,28,12,36,8.5,محلل بيانات,مضغوط,8.3,5,1
E1544,8,2,14,1,39,2.8,مصمم,عادي,2.0,1,0
E1545,13,2,5,6,32,6.9,مصمم,عادي,5.8,2,0
E1546,9,2,25,10,49,6.6,مصمم,مسيطر,5.4,2,0
E1547,3,3,27,5,31,0.8,مطور,مضغوط,8.0,1,1
E1548,9,5,15,11,50,9.7,مصمم,عادي,3.6,2,0
E1549,10,4,6,5,44,5.6,محلل بيانات,مضغوط,9.3,5,1
E1550,11,4,20,10,35,5.8,مطور,مضغوط,8.7,5,0
E1551,14,2,19,11,43,0.7,مهندس أول,مضغوط,9.7,4,0
E1552,10,4,6,5,38,2.6,مدير مشروع,مضغوط,9.8,5,0
E1553,13,2,16,4,43,9.0,مطور,مسيطر,3.8,1,0
E1554,5,4,10,0,31,5.0,مطور,مسيطر,2.9,1,0
E1555,12,3,28,5,33,8.6,مهندس برمجيات,مضغوط,6.6,4,0
E1556,12,3,5,11,50,8.6,مطور,مضغوط,8.6,3,1
E1557,5,5,18,1,38,3.3,مطور,مسيطر,1.3,3,0
E1558,3,3,27,8,32,6.4,مهندس أول,مسيطر,3.2,5,0
E1559,14,4,25,8,44,0.8,مطور,مسيطر,1.8,1,1
E1560,5,3,26,5,43,8.9,مطور,مسيطر,4.9,5,0
E1561,4,3,19,7,47,5.6,مهندس أول,مضغوط,8.5,3,1
E1562,6,5,13,6,39,4.7,مصمم,مضغوط,6.4,3,0
E1563,5,4,10,3,35,1.6,محلل بيانات,مضغوط,7.4,2,0
E1564,7,3,27,7,41,1.8,مصمم,مضغوط,8.5,4,0
E1565,7,2,7,11,44,7.5,مدير مشروع,عادي,1.9,4,0
E1566,9,4,12,14,48,3.4,مدير مشروع,مسيطر,6.0,3,0
E1567,9,4,27,0,47,3.1,محلل بيانات,مسيطر,5.9,1,0
E1568,9,2,12,0,41,4.7,مهندس أول,مضغوط,6.5,1,0
E1569,4,5,9,2,50,8.8,مصمم,مضغوط,9.6,3,0
E1570,4,4,9,12,45,9.7,مهندس برمجيات,مضغوط,8.3,1,1
E1571,8,2,23,6,44,7.7,مصمم,مسيطر,2.8,5,0
E1572,13,4,8,14,43,5.0,مدير مشروع,عادي,4.3,1,1
E1573,12,2,6,6,35,3.3,مهندس برمجيات,مسيطر,5.3,2,0
E1574,10,5,8,12,30,6.8,مهندس أول,مضغوط,8.0,1,1
E1575,5,4,18,9,41,7.9,مدير مشروع,عادي,1.7,1,1
E1576,5,2,17,14,45,2.5,مدير مشروع,مسيطر,4.9,5,0
E1577,11,2,16,5,34,7.6,مهندس برمجيات,مضغوط,9.6,1,0
E1578,12,2,17,1,33,3.0,مدير مشروع,مسيطر,4.1,2,0
E1579,9,4,16,2,31,4.9,مهندس أول,مضغوط,6.9,5,0
E1580,3,2,15,6,37,5.8,مدير مشروع,مضغوط,8.6,5,0
E1581,8,5,17,9,43,9.7,مهندس برمجيات,مضغوط,8.1,2,1
E1582,6,5,12,0,33,9.5,مهندس أول,مضغوط,9.4,4,0
E1583,11,2,29,9,41,4.2,مدير مشروع,مضغوط,7.2,2,1
E1584,3,2,28,0,31,8.7,مهندس أول,مضغوط,8.9,3,0
E1585,9,4,28,13,40,2.0,مطور,مسيطر,2.7,1,1
E1586,5,3,8,1,45,5.5,مهندس أول,عادي,3.1,3,0
E1587,9,3,28,2,49,9.9,مهندس برمجيات,مسيطر,5.1,2,0
E1588,6,4,11,11,36,8.0,مصمم,مسيطر,3.3,2,0
E1589,7,4,23,11,42,5.9,مهندس برمجيات,مسيطر,5.9,5,1
E1590,12,2,10,5,33,7.6,مطور,مضغوط,6.1,3,0
E1591,6,2,11,4,44,6.2,مهندس أول,عادي,3.8,3,0
E1592,6,3,7,12,38,3.8,مهندس برمجيات,مضغوط,6.0,3,0
E1593,7,4,13,9,38,4.6,مطور,مسيطر,4.1,1,1
E1594,7,4,15,2,45,9.3,مصمم,عادي,4.6,3,0
E1595,4,5,11,0,45,6.8,مطور,مسيطر,2.8,2,0
E1596,4,3,5,13,48,9.8,مطور,مسيطر,4.1,5,0
E1597,14,3,17,9,35,9.5,مصمم,عادي,3.9,4,0
E1598,14,2,17,6,46,1.9,محلل بيانات,مضغوط,9.0,4,0
E1599,13,3,5,5,32,8.8,مصمم,مسيطر,1.2,4,0
E1600,12,4,19,2,44,6.0,مهندس برمجيات,عادي,3.7,3,0
E1601,6,4,16,3,39,3.0,مصمم,مضغوط,9.4,2,0
E1602,14,2,9,9,36,0.8,مطور,عادي,4.7,1,1
E1603,4,2,14,5,34,0.7,محلل بيانات,مضغوط,7.0,5,0
E1604,3,3,18,0,31,9.7,مدير مشروع,مضغوط,7.6,2,0
E1605,10,4,17,4,42,3.9,مدير مشروع,مسيطر,3.7,2,0
E1606,9,5,7,7,40,7.1,محلل بيانات,مضغوط,6.5,5,0
E1607,8,2,23,0,42,9.5,مصمم,مضغوط,9.6,2,0
E1608,5,5,27,2,38,8.7,مهندس برمجيات,عادي,1.1,2,0
E1609,12,4,6,3,42,8.1,مهندس برمجيات,مضغوط,7.3,4,0
E1610,5,5,12,6,40,3.6,مهندس أول,مضغوط,9.1,4,0
E1611,7,5,8,3,45,5.9,محلل بيانات,مضغوط,7.4,3,0
E1612,14,4,19,3,47,7.7,مهندس أول,مسيطر,3.8,4,0
E1613,9,2,28,5,30,10.0,مصمم,مسيطر,3.4,5,0
E1614,5,5,20,3,42,5.3,مصمم,عادي,2.4,1,0
E1615,9,3,14,0,36,3.0,مطور,مسيطر,4.2,5,0
E1616,4,4,8,3,31,10.0,مهندس برمجيات,مسيطر,3.5,3,0
E1617,5,5,17,8,49,3.6,مهندس برمجيات,مضغوط,7.4,2,0
E1618,4,2,28,11,30,2.5,مهندس أول,مضغوط,8.8,4,1
E1619,8,2,20,8,36,6.8,مهندس أول,مسيطر,4.6,1,0
E1620,14,4,21,6,50,2.3,مصمم,مضغوط,6.3,4,0
E1621,11,5,28,10,43,4.4,مصمم,مضغوط,6.4,5,1
E1622,12,4,12,5,44,0.9,مطور,عادي,3.2,2,0
E1623,12,2,10,0,30,7.2,محلل بيانات,عادي,3.6,4,0
E1624,11,4,28,3,39,8.4,مطور,عادي,2.6,3,0
E1625,6,3,13,7,48,0.5,محلل بيانات,عادي,5.3,4,0
E1626,13,4,25,1,34,1.4,مدير مشروع,عادي,5.1,3,0
E1627,9,5,29,0,41,4.3,مهندس أول,عادي,3.0,3,0
E1628,8,5,13,11,49,8.2,مدير مشروع,عادي,4.4,4,0
E1629,6,2,5,0,46,8.4,مهندس برمجيات,مضغوط,9.3,1,1
E1630,9,5,8,10,30,3.1,مدير مشروع,مضغوط,8.8,4,1
E1631,13,5,22,11,39,4.3,محلل بيانات,مسيطر,3.2,4,0
E1632,5,5,16,4,48,0.8,محلل بيانات,مسيطر,1.1,4,0
E1633,12,3,19,3,35,0.5,محلل بيانات,مضغوط,9.0,1,1
E1634,4,5,12,13,31,4.1,مطور,مسيطر,4.0,3,0
E1635,9,3,26,6,48,7.1,مهندس برمجيات,مضغوط,8.0,1,0
E1636,5,2,7,11,31,2.3,مدير مشروع,مسيطر,3.1,2,0
E1637,3,3,29,4,34,5.6,محلل بيانات,مسيطر,5.0,5,0
E1638,7,4,19,11,50,8.6,مهندس أول,مضغوط,7.4,5,1
E1639,14,5,14,6,50,4.1,مهندس برمجيات,عادي,2.8,5,0
E1640,8,2,14,1,46,9.3,مهندس برمجيات,مسيطر,5.8,2,0
E1641,6,2,21,9,38,8.9,مهندس برمجيات,مسيطر,1.4,2,0
E1642,3,2,19,5,46,1.6,مدير مشروع,عادي,3.4,1,0
E1643,4,2,5,10,36,7.3,مدير مشروع,مسيطر,5.9,3,0
E1644,3,4,28,4,31,9.2,مطور,مضغوط,9.9,4,0
E1645,3,3,12,13,45,1.3,مطور,مضغوط,7.9,2,1
E1646,9,5,11,11,37,8.6,مهندس أول,مضغوط,6.3,3,0
E1647,8,5,8,13,42,2.4,مدير مشروع,عادي,1.2,1,1
E1648,14,5,18,8,42,5.6,مطور,مضغوط,7.4,5,0
E1649,9,3,14,1,50,4.0,محلل بيانات,مسيطر,4.7,2,0
E1650,7,4,18,14,48,1.3,محلل بيانات,مضغوط,9.7,4,1
E1651,7,4,22,3,46,1.9,مصمم,عادي,5.4,3,0
E1652,10,3,17,8,45,7.6,مهندس برمجيات,مسيطر,4.7,5,0
E1653,8,4,6,4,31,3.9,مدير مشروع,مضغوط,8.5,5,0
E1654,14,5,21,2,41,6.1,مطور,عادي,4.4,1,0
E1655,9,5,16,12,38,5.8,مطور,عادي,4.2,3,0
E1656,11,2,25,9,44,5.1,مطور,عادي,3.7,3,0
E1657,13,4,21,0,49,9.5,مطور,مضغوط,6.0,2,0
E1658,5,2,13,0,42,9.0,محلل بيانات,عادي,1.3,4,0
E1659,12,3,27,11,49,4.4,مهندس أول,مسيطر,2.3,3,0
E1660,9,3,10,12,31,7.7,محلل بيانات,مضغوط,8.7,3,1
E1661,11,2,8,8,36,7.1,مدير مشروع,مضغوط,8.6,3,0
E1662,4,2,22,13,32,2.7,مصمم,عادي,5.7,4,0
E1663,4,4,25,13,50,1.8,محلل بيانات,عادي,1.1,4,0
E1664,14,3,28,9,37,7.9,محلل بيانات,مضغوط,8.7,5,1
E1665,6,3,5,5,42,1.9,مطور,مسيطر,2.3,1,0
E1666,4,5,18,6,37,7.4,مصمم,مسيطر,3.1,3,0
E1667,6,4,18,2,32,1.2,مصمم,مسيطر,2.4,2,0
E1668,13,3,23,12,33,8.8,مصمم,عادي,1.4,2,0
E1669,12,4,17,12,48,2.5,مهندس برمجيات,مضغوط,8.7,4,1
E1670,14,4,22,11,43,1.3,مدير مشروع,مضغوط,6.6,3,1
E1671,11,3,28,8,37,8.7,مهندس أول,مضغوط,9.6,1,1
E1672,14,4,27,14,34,1.9,مهندس برمجيات,عادي,3.0,4,1
E1673,7,2,8,1,34,8.5,مطور,عادي,1.3,2,0
E1674,14,2,9,9,35,2.7,محلل بيانات,مسيطر,3.2,3,0
E1675,6,5,24,8,46,5.6,مطور,مسيطر,2.4,4,0
E1676,10,2,18,13,44,2.1,محلل بيانات,مضغوط,9.3,3,1
E1677,9,4,22,4,35,4.0,مهندس أول,عادي,4.2,1,0
E1678,12,2,11,5,44,9.8,مصمم,مضغوط,8.2,4,1
E1679,4,4,28,7,32,9.0,مصمم,مضغوط,9.5,3,1
E1680,12,5,26,14,31,5.2,مطور,مسيطر,3.3,3,0
E1681,11,2,15,6,33,9.2,محلل بيانات,مضغوط,9.0,4,0
E1682,13,5,10,10,50,2.5,محلل بيانات,مضغوط,9.8,5,1
E1683,7,3,5,5,35,4.8,مصمم,مضغوط,6.4,4,0
E1684,12,3,23,7,46,2.5,مهندس أول,مسيطر,3.2,3,0
E1685,14,3,6,12,42,7.1,مدير مشروع,مسيطر,2.2,4,0
E1686,12,3,25,8,48,1.4,محلل بيانات,مسيطر,2.8,1,0
E1687,4,4,16,13,40,9.1,مهندس أول,عادي,4.3,5,0
E1688,13,2,28,3,48,5.9,مهندس برمجيات,مسيطر,1.6,5,0
E1689,7,3,11,4,35,6.7,محلل بيانات,مسيطر,3.4,4,0
E1690,8,3,5,7,35,2.9,مطور,مضغوط,8.9,4,0
E1691,9,5,5,9,45,2.7,مطور,مسيطر,5.5,4,0
E1692,7,2,12,13,32,1.6,مهندس أول,عادي,3.4,5,0
E1693,9,3,9,8,34,7.4,مهندس برمجيات,مضغوط,8.3,3,0
E1694,5,2,8,7,43,7.0,مهندس أول,مضغوط,9.2,4,0
E1695,7,2,21,14,32,1.3,محلل بيانات,مضغوط,8.1,3,0
E1696,10,2,9,13,45,7.5,مدير مشروع,عادي,4.2,2,0
E1697,13,4,29,2,42,8.7,محلل بيانات,مسيطر,3.1,4,0
E1698,6,4,24,11,44,4.9,مصمم,عادي,2.0,1,1
E1699,14,2,11,14,39,4.2,مهندس أول,عادي,4.4,2,0
E1700,9,2,27,4,33,2.6,مهندس برمجيات,عادي,1.7,1,0
E1701,11,5,22,2,46,9.9,مهندس أول,مسيطر,4.0,3,0
E1702,9,5,23,1,50,0.9,محلل بيانات,مسيطر,4.4,1,0
E1703,4,3,11,13,41,9.3,محلل بيانات,مسيطر,2.0,5,0
E1704,5,4,18,8,39,8.6,مهندس برمجيات,مسيطر,3.4,1,0
E1705,11,2,5,4,48,2.9,مهندس أول,عادي,2.8,1,0
E1706,7,5,24,3,43,9.0,مصمم,عادي,5.9,3,0
E1707,3,2,19,5,33,5.5,مدير مشروع,مسيطر,3.5,5,0
E1708,4,5,26,4,35,3.1,محلل بيانات,مضغوط,8.8,4,1
E1709,12,5,28,2,50,1.4,مهندس أول,مسيطر,5.3,4,0
E1710,12,5,27,12,38,8.4,محلل بيانات,مضغوط,6.6,1,1
E1711,6,3,6,9,36,2.6,مهندس أول,عادي,5.6,1,1
E1712,6,4,25,5,43,2.2,مطور,مضغوط,7.4,2,0
E1713,11,2,17,2,42,4.3,مهندس أول,عادي,5.1,5,0
E1714,7,3,5,0,41,7.4,مهندس برمجيات,مسيطر,3.6,4,0
E1715,7,5,22,5,41,8.6,مطور,مضغوط,8.0,1,1
E1716,7,5,24,11,37,6.7,مدير مشروع,مضغوط,8.4,1,1
E1717,12,3,7,6,39,7.6,مطور,مسيطر,1.1,4,0
E1718,7,5,7,11,36,4.1,محلل بيانات,مسيطر,6.0,1,1
E1719,14,2,24,6,37,7.4,مدير مشروع,عادي,5.3,5,0
E1720,14,4,11,2,44,5.4,مدير مشروع,مضغوط,6.6,5,1
E1721,14,4,21,7,36,4.7,مطور,عادي,1.2,4,0
E1722,4,2,12,11,31,1.0,مهندس برمجيات,مضغوط,9.0,3,0
E1723,10,4,6,13,36,0.8,مهندس أول,مسيطر,1.7,2,0
E1724,7,2,18,8,37,2.3,محلل بيانات,مضغوط,7.9,2,1
E1725,7,2,16,13,47,7.8,مهندس برمجيات,عادي,1.9,5,0
E1726,4,4,8,14,36,3.2,مطور,مضغوط,6.1,1,1
E1727,12,3,17,0,50,3.8,مهندس أول,مضغوط,6.5,2,0
E1728,11,2,19,10,35,1.4,مهندس برمجيات,مسيطر,3.2,3,0
E1729,11,2,10,0,39,6.4,مطور,مضغوط,8.1,3,0
E1730,14,2,6,7,39,8.3,مطور,مسيطر,1.6,3,0
E1731,5,5,11,10,35,9.9,مطور,مسيطر,4.3,4,0
E1732,12,3,18,14,50,3.6,مصمم,مضغوط,6.2,5,0
E1733,13,4,12,2,37,2.6,مصمم,مسيطر,1.1,1,1
E1734,13,2,14,12,47,7.4,مهندس برمجيات,مسيطر,5.0,5,0
E1735,11,2,12,11,38,7.6,مهندس أول,عادي,3.9,5,0
E1736,12,2,19,13,34,0.6,مصمم,عادي,4.4,4,0
E1737,13,3,23,9,41,2.1,مصمم,عادي,4.5,4,1
E1738,3,2,25,0,37,2.0,مصمم,عادي,1.8,3,0
E1739,9,4,29,9,50,9.8,مطور,مسيطر,2.1,2,0
E1740,12,3,9,12,46,2.6,مطور,مضغوط,8.7,1,1
E1741,12,2,15,7,37,7.3,مطور,مضغوط,9.1,1,0
E1742,11,5,17,0,46,3.9,مهندس أول,عادي,2.6,3,0
E1743,9,3,19,0,34,5.6,مصمم,عادي,1.9,5,0
E1744,5,3,24,8,38,1.3,مطور,مضغوط,9.4,5,0
E1745,12,4,13,4,43,7.7,مصمم,مسيطر,4.5,1,0
E1746,6,4,22,8,31,8.4,مهندس أول,مضغوط,6.6,2,0
E1747,6,3,18,14,30,3.3,مهندس أول,عادي,2.1,5,0
E1748,5,5,11,8,46,5.6,محلل بيانات,مسيطر,4.6,2,0
E1749,5,2,17,2,33,5.5,مدير مشروع,مضغوط,7.6,3,0
E1750,3,5,18,6,33,0.9,محلل بيانات,عادي,2.5,3,0
E1751,11,2,27,14,31,2.5,مهندس أول,مسيطر,6.0,5,0
E1752,9,5,23,3,31,6.7,مهندس أول,مضغوط,7.7,2,0
E1753,3,5,16,3,50,2.4,مصمم,مضغوط,9.1,5,1
E1754,5,3,18,5,46,1.0,مصمم,عادي,3.8,3,0
E1755,3,2,19,12,31,1.9,محلل بيانات,مسيطر,2.0,1,1
E1756,4,2,12,0,50,7.8,مصمم,مسيطر,3.3,3,0
E1757,11,2,11,0,40,9.9,محلل بيانات,مضغوط,8.2,1,1
E1758,9,4,8,5,35,6.6,مطور,مضغوط,8.2,1,0
E1759,7,4,29,9,33,3.3,مهندس برمجيات,عادي,4.7,5,0
E1760,14,2,7,11,43,4.0,مطور,عادي,2.9,5,1
E1761,5,5,23,8,38,7.5,مهندس أول,مضغوط,9.0,1,0
E1762,7,3,15,0,38,4.9,مدير مشروع,مضغوط,9.2,5,0
E1763,12,5,6,8,30,8.0,مطور,مسيطر,1.3,1,0
E1764,7,2,28,13,37,5.6,مطور,مسيطر,4.9,5,0
E1765,13,5,22,4,38,3.0,محلل بيانات,مضغوط,6.9,1,1
E1766,9,5,7,14,48,8.0,مطور,عادي,5.5,4,0
E1767,12,5,20,2,43,7.2,مصمم,عادي,3.3,5,0
E1768,8,5,12,10,36,4.4,مطور,مضغوط,7.3,5,1
E1769,3,2,27,8,30,9.2,مصمم,مضغوط,9.9,5,1
E1770,14,3,15,6,46,6.7,محلل بيانات,مضغوط,7.3,4,0
E1771,6,4,14,9,37,8.2,مدير مشروع,عادي,5.8,4,0
E1772,10,2,15,1,34,9.5,مطور,عادي,3.2,2,0
E1773,3,4,27,8,44,2.8,مهندس أول,مضغوط,9.1,2,1
E1774,14,3,29,12,35,5.2,محلل بيانات,مضغوط,6.3,4,0
E1775,12,3,13,12,49,9.1,مهندس برمجيات,مسيطر,5.7,4,0
E1776,11,5,5,0,30,3.9,مصمم,عادي,3.1,5,0
E1777,5,2,19,0,42,8.5,مطور,عادي,5.7,1,0
E1778,10,2,16,1,39,3.1,مدير مشروع,مضغوط,6.1,1,0
E1779,11,2,5,2,43,5.1,مصمم,عادي,2.5,2,0
E1780,8,3,25,11,32,1.2,مدير مشروع,مضغوط,9.3,2,1
E1781,8,2,27,8,42,3.7,مصمم,مسيطر,2.1,1,0
E1782,10,5,7,6,35,6.1,مهندس برمجيات,مضغوط,9.9,5,0
E1783,4,3,24,12,33,5.9,مطور,مضغوط,6.3,4,1
E1784,12,3,21,4,47,8.3,مطور,عادي,3.7,4,0
E1785,14,3,11,4,42,5.8,مصمم,مسيطر,4.6,5,0
E1786,14,3,22,13,47,7.1,مطور,مضغوط,7.1,3,1
E1787,13,5,19,4,34,8.7,مدير مشروع,عادي,4.6,4,0
E1788,7,4,26,9,46,3.8,مدير مشروع,مضغوط,8.2,3,1
E1789,3,5,26,7,46,0.8,مطور,مضغوط,9.3,1,0
E1790,8,4,23,13,42,1.4,محلل بيانات,مضغوط,9.0,5,1
E1791,4,4,21,8,34,7.8,مهندس أول,مضغوط,9.1,3,0
E1792,9,5,6,9,37,3.7,محلل بيانات,مضغوط,8.9,1,1
E1793,9,3,18,2,47,2.0,مصمم,مسيطر,1.0,4,0
E1794,8,5,26,7,40,3.5,مطور,عادي,5.2,3,0
E1795,12,2,20,2,48,1.2,مهندس أول,عادي,5.2,5,0
E1796,8,4,14,12,46,3.0,مصمم,عادي,5.5,5,0
E1797,11,2,24,4,41,1.8,مطور,مسيطر,3.7,5,0
E1798,9,2,18,4,46,4.4,مدير مشروع,مسيطر,2.4,1,0
E1799,13,2,21,6,38,6.5,مطور,مضغوط,9.3,5,1
E1800,8,5,15,6,50,8.8,مهندس أول,مسيطر,2.5,2,0
E1801,8,4,9,12,44,7.7,مصمم,مضغوط,6.4,3,0
E1802,10,5,13,7,35,5.0,مهندس برمجيات,مضغوط,6.3,1,0
E1803,4,3,27,7,38,0.8,مصمم,مضغوط,7.7,3,0
E1804,10,4,6,7,38,7.2,محلل بيانات,مسيطر,4.5,1,0
E1805,11,2,10,3,33,6.5,مدير مشروع,مضغوط,8.5,4,0
E1806,9,3,7,6,33,1.6,محلل بيانات,مضغوط,6.6,2,0
E1807,14,5,12,12,40,2.3,مهندس أول,عادي,3.3,4,0
E1808,12,5,20,9,42,2.9,مهندس برمجيات,مسيطر,2.7,3,0
E1809,14,2,27,5,41,2.9,مطور,عادي,5.7,5,0
E1810,10,4,5,3,44,5.7,مهندس أول,عادي,5.1,3,0
E1811,10,2,5,0,46,3.5,محلل بيانات,مسيطر,1.3,1,0
E1812,11,3,29,10,43,9.1,مصمم,مضغوط,8.1,1,1
E1813,11,5,25,10,36,0.7,مصمم,مضغوط,9.3,5,1
E1814,11,5,26,3,42,7.2,محلل بيانات,مضغوط,7.2,1,1
E1815,11,4,19,0,38,1.0,مطور,مسيطر,5.2,1,0
E1816,3,5,28,3,48,2.8,مطور,عادي,1.9,1,0
E1817,13,4,23,3,38,4.8,مطور,مضغوط,7.8,5,1
E1818,14,5,26,12,33,2.3,مهندس برمجيات,مسيطر,2.5,1,1
E1819,11,5,25,13,32,8.6,مدير مشروع,مسيطر,1.6,4,1
E1820,13,2,27,11,50,3.9,محلل بيانات,مسيطر,2.6,5,0
E1821,8,4,12,9,48,6.9,محلل بيانات,عادي,4.9,2,0
E1822,7,4,17,7,35,2.1,مطور,مضغوط,6.5,4,0
E1823,13,4,15,6,31,2.7,مطور,مضغوط,9.2,2,0
E1824,14,2,21,10,46,9.5,مهندس أول,مضغوط,9.5,3,1
E1825,13,5,12,6,47,4.9,مصمم,مضغوط,8.7,5,0
E1826,6,4,19,5,39,4.9,مهندس أول,عادي,3.4,3,0
E1827,3,3,5,13,36,5.9,مهندس أول,مسيطر,4.7,2,0
E1828,14,3,6,6,34,0.5,مهندس أول,مضغوط,7.3,2,0
E1829,5,3,27,13,42,9.2,مهندس برمجيات,مسيطر,2.2,1,0
E1830,13,2,8,3,42,6.0,مطور,مسيطر,1.6,1,0
E1831,8,4,28,3,41,0.8,محلل بيانات,مضغوط,9.4,5,0
E1832,13,4,28,7,30,1.5,مصمم,عادي,2.8,4,0
E1833,10,2,21,0,42,7.5,مطور,عادي,1.0,2,0
E1834,12,4,26,6,35,2.0,محلل بيانات,مسيطر,4.9,2,0
E1835,9,2,10,4,47,3.2,مدير مشروع,عادي,6.0,4,0
E1836,10,3,20,1,46,4.1,مدير مشروع,مسيطر,5.9,1,0
E1837,8,2,16,3,30,1.2,مصمم,عادي,3.3,4,0
E1838,4,3,14,3,42,6.0,مهندس برمجيات,عادي,1.5,1,0
E1839,4,3,26,4,32,1.6,مصمم,مسيطر,4.2,3,0
E1840,10,3,7,2,47,2.9,مهندس برمجيات,مسيطر,4.6,3,0
E1841,13,4,9,5,47,6.2,مهندس برمجيات,عادي,1.8,5,0
E1842,8,3,24,5,41,1.3,مطور,مضغوط,8.7,3,0
E1843,13,5,27,11,30,4.2,مصمم,مسيطر,2.2,5,1
E1844,3,3,29,14,36,3.9,مهندس برمجيات,مسيطر,2.6,1,0
E1845,13,5,20,8,35,8.3,محلل بيانات,عادي,3.3,2,0
E1846,9,4,8,2,48,3.8,محلل بيانات,عادي,1.8,3,0
E1847,11,4,21,7,37,8.2,مهندس أول,مضغوط,7.8,5,0
E1848,11,4,9,1,45,9.9,مصمم,مسيطر,2.4,5,0
E1849,9,3,15,8,44,8.8,مدير مشروع,عادي,2.6,5,0
E1850,6,4,13,3,46,3.6,محلل بيانات,مضغوط,9.9,3,0
E1851,9,4,26,5,44,6.3,مهندس برمجيات,مضغوط,7.0,3,1
E1852,13,5,29,7,34,9.9,مدير مشروع,مضغوط,8.8,5,0
E1853,11,5,22,14,38,3.2,مهندس أول,مضغوط,6.8,4,1
E1854,9,3,20,14,46,2.8,محلل بيانات,عادي,4.7,2,1
E1855,9,2,15,8,45,1.4,مصمم,مضغوط,8.1,3,0
E1856,7,4,13,6,33,5.3,مدير مشروع,مضغوط,6.1,5,0
E1857,8,3,10,10,33,6.6,مدير مشروع,عادي,3.5,4,1
E1858,7,5,28,5,34,2.1,مطور,مضغوط,8.9,3,0
E1859,9,5,24,4,43,3.6,مطور,مضغوط,9.3,2,0
E1860,12,2,10,7,40,0.9,مهندس أول,مضغوط,6.9,2,0
E1861,9,4,29,9,36,1.7,مصمم,مسيطر,1.8,2,0
E1862,8,2,10,4,47,5.0,محلل بيانات,عادي,1.0,3,0
E1863,9,3,27,6,35,4.0,محلل بيانات,مضغوط,6.7,5,1
E1864,6,4,5,13,39,4.1,مطور,مضغوط,6.9,1,1
E1865,5,3,29,9,30,5.4,مهندس برمجيات,عادي,2.8,4,0
E1866,12,2,17,11,34,0.6,مدير مشروع,مضغوط,8.7,4,0
E1867,8,3,14,1,49,9.2,محلل بيانات,مضغوط,7.6,3,0
E1868,11,3,24,7,44,8.0,مدير مشروع,عادي,1.3,2,0
E1869,5,2,17,3,38,6.6,محلل بيانات,مضغوط,6.0,1,0
E1870,7,4,21,12,38,7.9,مهندس أول,عادي,4.5,1,1
E1871,10,5,26,13,44,5.1,مصمم,عادي,4.4,1,1
E1872,9,4,19,6,44,6.7,مصمم,مسيطر,5.3,1,0
E1873,7,3,27,4,42,4.9,مهندس أول,مضغوط,6.2,2,0
E1874,4,3,22,7,38,4.5,مطور,مسيطر,5.3,4,0
E1875,9,5,19,6,37,4.7,مطور,مسيطر,1.3,3,0
E1876,3,4,14,5,41,2.4,مهندس برمجيات,مسيطر,1.5,4,0
E1877,13,2,8,3,42,1.3,مطور,عادي,5.7,2,0
E1878,11,2,13,2,39,4.5,محلل بيانات,عادي,4.6,4,0
E1879,14,2,27,1,50,6.6,محلل بيانات,مضغوط,6.5,3,0
E1880,14,2,6,4,50,8.1,محلل بيانات,مضغوط,7.3,2,0
E1881,10,2,25,4,38,8.9,مدير مشروع,مضغوط,7.3,1,1
E1882,11,3,12,14,39,2.9,مصمم,عادي,4.8,2,0
E1883,6,4,15,13,50,5.6,مطور,مضغوط,6.5,5,1
E1884,11,5,15,0,43,5.4,مصمم,مضغوط,6.4,4,0
E1885,13,4,9,2,39,7.6,مطور,عادي,4.6,2,0
E1886,5,4,10,6,33,7.0,مطور,مسيطر,4.3,5,0
E1887,13,2,7,13,39,3.0,محلل بيانات,مضغوط,6.0,2,1
E1888,4,5,6,12,34,4.8,مدير مشروع,عادي,5.4,1,1
E1889,3,3,17,3,50,1.9,مصمم,مضغوط,7.4,4,0
E1890,4,5,26,13,47,8.7,محلل بيانات,مسيطر,5.8,2,0
E1891,12,3,28,8,42,2.8,مهندس أول,مسيطر,1.6,1,0
E1892,12,3,15,10,45,8.7,مدير مشروع,مضغوط,7.3,5,1
E1893,12,2,12,3,50,7.4,مصمم,مضغوط,8.5,2,0
E1894,11,2,8,4,38,3.8,مهندس أول,مسيطر,4.6,2,0
E1895,4,3,6,11,30,7.5,مدير مشروع,مسيطر,2.5,4,1
E1896,7,5,11,4,43,9.2,مطور,مضغوط,6.3,3,0
E1897,4,4,6,2,40,7.3,مدير مشروع,عادي,1.9,1,0
E1898,9,4,29,3,43,3.7,مهندس أول,مضغوط,8.9,2,0
E1899,8,4,6,2,31,5.9,مهندس برمجيات,عادي,5.9,2,0
E1900,7,2,26,7,32,1.5,مهندس أول,عادي,4.7,5,0
E1901,8,3,28,11,38,9.2,مهندس أول,مسيطر,1.6,2,0
E1902,11,4,6,1,47,8.5,مصمم,عادي,5.0,5,0
E1903,10,5,16,0,32,8.5,مدير مشروع,مسيطر,5.7,1,0
E1904,11,5,28,5,36,2.6,مصمم,مضغوط,9.8,5,0
E1905,13,5,9,3,44,6.2,مدير مشروع,مضغوط,8.2,1,1
E1906,13,4,17,14,30,4.4,مدير مشروع,مسيطر,3.2,1,1
E1907,9,2,25,2,47,7.8,مهندس برمجيات,مضغوط,8.1,1,0
E1908,10,5,8,8,40,3.5,مهندس أول,مسيطر,3.2,4,0
E1909,4,5,23,13,47,1.0,مطور,مضغوط,7.8,3,1
E1910,6,4,7,0,40,6.5,مهندس أول,مسيطر,4.6,2,0
E1911,7,5,17,1,31,1.6,محلل بيانات,مضغوط,6.2,4,0
E1912,13,4,20,6,31,5.6,مطور,مسيطر,5.6,4,0
E1913,13,4,5,8,41,5.1,مصمم,مسيطر,3.0,1,0
E1914,9,3,21,10,41,8.6,محلل بيانات,مسيطر,4.8,4,0
E1915,9,4,12,14,44,8.5,مهندس برمجيات,مضغوط,9.1,4,1
E1916,7,4,18,3,33,1.5,مصمم,مسيطر,5.5,3,0
E1917,5,4,10,8,35,8.3,مدير مشروع,مضغوط,7.3,3,0
E1918,10,2,23,1,50,7.8,مصمم,مضغوط,9.2,5,0
E1919,8,5,10,8,40,4.0,محلل بيانات,عادي,5.8,3,0
E1920,9,3,22,0,44,5.4,مطور,مسيطر,3.3,3,0
E1921,13,4,16,1,39,9.5,مهندس برمجيات,عادي,1.5,5,0
E1922,7,4,12,0,47,5.4,مطور,عادي,2.2,3,0
E1923,5,5,7,8,31,0.7,مهندس أول,مضغوط,9.5,4,1
E1924,9,3,28,0,46,8.0,محلل بيانات,مضغوط,7.0,4,0
E1925,14,3,19,7,42,1.6,محلل بيانات,عادي,1.1,5,0
E1926,6,5,20,13,40,3.8,مطور,مضغوط,7.4,5,0
E1927,7,5,12,9,32,5.7,مدير مشروع,مسيطر,5.9,4,0
E1928,8,4,21,2,37,9.0,مدير مشروع,مضغوط,9.8,1,0
E1929,4,3,9,8,37,2.4,مدير مشروع,مضغوط,9.9,3,0
E1930,11,2,24,1,44,1.7,محلل بيانات,مسيطر,1.7,4,0
E1931,3,2,20,6,39,3.0,مصمم,عادي,3.4,5,0
E1932,7,2,13,1,50,3.6,مهندس أول,عادي,4.5,3,0
E1933,8,5,22,12,50,6.9,مهندس أول,مضغوط,8.5,1,1
E1934,3,3,11,6,36,7.1,مصمم,مسيطر,1.5,4,0
E1935,11,2,10,6,35,9.9,مهندس برمجيات,مسيطر,1.4,3,0
E1936,10,2,27,5,49,5.8,محلل بيانات,مضغوط,9.7,3,0
E1937,14,3,12,13,49,8.9,مصمم,مسيطر,5.9,1,0
E1938,13,2,11,2,44,4.8,مصمم,عادي,3.4,5,0
E1939,3,3,16,13,43,8.3,مصمم,مضغوط,7.4,1,1
E1940,7,2,27,5,36,0.7,مصمم,مسيطر,2.2,5,0
E1941,3,2,24,5,49,3.5,محلل بيانات,عادي,3.2,1,0
E1942,13,4,26,12,31,7.8,مصمم,مسيطر,5.5,5,1
E1943,5,4,5,10,45,5.1,مدير مشروع,عادي,5.4,2,1
E1944,5,5,15,9,37,3.3,مدير مشروع,عادي,5.1,2,0
E1945,7,2,17,1,45,7.9,مهندس أول,مضغوط,9.4,5,0
E1946,9,4,11,4,44,3.4,محلل بيانات,مسيطر,5.0,3,0
E1947,12,5,25,9,43,6.8,مهندس برمجيات,مسيطر,2.1,3,0
E1948,8,4,10,0,50,8.4,مصمم,عادي,2.6,3,0
E1949,11,3,19,2,41,8.4,محلل بيانات,مضغوط,6.4,3,0
E1950,4,5,21,7,50,2.7,محلل بيانات,مضغوط,6.3,5,0
E1951,9,5,29,0,48,2.6,مهندس برمجيات,مضغوط,7.9,4,0
E1952,5,3,19,2,45,7.7,مدير مشروع,مضغوط,8.8,1,0
E1953,4,5,7,7,44,4.3,مصمم,مسيطر,4.6,1,0
E1954,4,2,13,6,49,9.6,مهندس أول,مضغوط,7.8,1,1
E1955,3,2,18,3,45,8.2,محلل بيانات,مسيطر,1.7,1,0
E1956,13,5,15,3,31,3.4,مهندس أول,مضغوط,7.8,1,1
E1957,12,3,8,3,46,8.6,مهندس أول,مضغوط,6.2,2,0
E1958,9,5,18,5,32,3.7,مدير مشروع,عادي,2.2,1,0
E1959,14,2,25,9,50,2.8,مصمم,مضغوط,6.4,4,1
E1960,9,2,15,8,30,2.1,مطور,عادي,2.8,3,0
E1961,9,4,12,10,31,6.2,مطور,مسيطر,2.2,5,0
E1962,13,2,26,2,43,3.8,مهندس برمجيات,مضغوط,7.7,1,1
E1963,10,3,16,12,50,3.9,مطور,عادي,2.6,5,0
E1964,11,5,23,14,36,8.9,مهندس برمجيات,مسيطر,3.7,1,1
E1965,13,3,6,4,36,2.3,مهندس أول,مسيطر,1.3,1,0
E1966,10,3,9,7,40,5.6,مهندس برمجيات,مضغوط,8.5,1,1
E1967,11,5,17,5,35,9.1,مصمم,مضغوط,6.3,5,0
E1968,3,5,6,14,42,5.7,مهندس أول,مضغوط,9.6,4,1
E1969,14,2,18,12,38,7.3,محلل بيانات,عادي,4.4,4,0
E1970,3,2,26,14,32,5.6,مهندس أول,مسيطر,5.8,5,0
E1971,11,3,7,6,49,8.6,مهندس أول,مضغوط,6.2,3,0
E1972,12,5,20,6,31,2.8,مصمم,مسيطر,2.8,4,0
E1973,10,3,21,7,46,1.2,مصمم,عادي,5.8,3,0
E1974,13,3,6,12,49,0.6,مهندس أول,عادي,4.2,5,0
E1975,4,5,28,7,30,1.9,محلل بيانات,مسيطر,4.8,4,0
E1976,11,4,12,3,36,4.3,محلل بيانات,عادي,4.7,2,0
E1977,10,4,15,4,45,8.9,مدير مشروع,مسيطر,2.7,3,0
E1978,5,4,8,8,30,2.8,مهندس برمجيات,عادي,3.5,1,0
E1979,13,2,16,1,39,3.1,مهندس برمجيات,مضغوط,9.2,4,1
E1980,10,5,22,1,49,1.4,مصمم,مضغوط,6.8,3,0
E1981,6,3,15,1,34,1.2,مصمم,مضغوط,7.5,1,0
E1982,3,2,29,14,38,7.1,مطور,مسيطر,5.6,1,1
E1983,7,2,6,10,41,4.5,مدير مشروع,مضغوط,7.3,1,1
E1984,10,2,21,8,33,4.6,مهندس برمجيات,مسيطر,2.8,1,0
E1985,3,3,29,12,32,7.0,مهندس برمجيات,عادي,2.9,1,0
E1986,8,4,15,7,47,5.9,محلل بيانات,مسيطر,5.7,4,0
E1987,10,3,5,1,49,8.9,مهندس أول,مضغوط,8.8,2,0
E1988,14,2,18,11,45,2.9,مطور,مضغوط,8.1,4,1
E1989,8,2,23,13,38,0.7,محلل بيانات,مضغوط,8.1,1,1
E1990,5,2,17,3,41,0.7,مطور,مضغوط,6.0,5,0
E1991,12,3,13,6,34,5.0,محلل بيانات,مضغوط,7.9,4,0
E1992,11,4,14,0,32,8.4,مهندس برمجيات,مضغوط,7.0,2,1
E1993,3,5,6,6,33,4.1,مصمم,مضغوط,6.9,1,0
E1994,4,4,11,10,34,5.6,مدير مشروع,مضغوط,7.4,1,1
E1995,9,5,24,6,48,8.9,مهندس أول,مسيطر,5.7,4,0
E1996,5,5,14,1,50,9.5,مصمم,مضغوط,8.5,1,1
E1997,8,5,27,10,33,6.9,محلل بيانات,مسيطر,1.2,3,1
E1998,7,2,15,2,34,2.9,محلل بيانات,عادي,4.9,4,0
E1999,6,4,22,11,45,2.5,مهندس أول,مضغوط,7.3,2,1
E2000,10,4,13,8,32,7.8,مصمم,مسيطر,5.5,3,0
